{"count":1,"self":276.4909824,"total":2094.482033,"children":{"InitializeActuators":{"count":20,"self":0.0015138999999999999,"total":0.0015138999999999999,"children":null},"InitializeSensors":{"count":20,"self":0.0025206,"total":0.0025206,"children":null},"AgentSendState":{"count":249851,"self":5.9843356,"total":20.4244877,"children":{"CollectObservations":{"count":300370,"self":1.6876392,"total":1.6876391,"children":null},"WriteActionMask":{"count":300370,"self":1.0642207,"total":1.0642207,"children":null},"RequestDecision":{"count":300370,"self":4.2290696,"total":11.688292299999999,"children":{"AgentInfo.ToProto":{"count":300370,"self":3.0092244,"total":7.4592228999999994,"children":{"GenerateSensorData":{"count":300370,"self":4.4499984,"total":4.4499984,"children":null}}}}}}},"DecideAction":{"count":249851,"self":1750.6154496,"total":1750.6154164999998,"children":null},"AgentAct":{"count":249851,"self":46.057190399999996,"total":46.0571914,"children":null},"AgentInfo.ToProto":{"count":30026,"self":0.4464392,"total":0.88990879999999994,"children":{"GenerateSensorData":{"count":30026,"self":0.44346959999999996,"total":0.44346959999999996,"children":null}}}},"gauges":{"Tank.CumulativeReward":{"count":30026,"max":1,"min":-1,"runningAverage":0.378705382,"value":1,"weightedAverage":0.571428537}},"metadata":{"timer_format_version":"0.1.0","start_time_seconds":"1703609460","unity_version":"2022.3.10f1","command_line_arguments":"D:\\Programs\\Unity Hub\\UnityEditor\\2022.3.10f1\\Editor\\Unity.exe -projectpath D:\\Data\\Repos\\Unity\\Tocket Panks\\Project -useHub -hubIPC -cloudEnvironment production -licensingIpc LicenseClient-tavaa -hubSessionId 1ed31e96-f315-487b-81d6-db308440e64f -accessToken 6r-K7YSPpTnGmI0AyUM1mRD_pdyIsam7wdr019R1e9I007f","communication_protocol_version":"1.5.0","com.unity.ml-agents_version":"2.0.1","scene_name":"Farm","end_time_seconds":"1703611554"}}