{"count":1,"self":515.0726144,"total":1022.4143005,"children":{"InitializeActuators":{"count":1,"self":0.0015118999999999998,"total":0.0015118999999999998,"children":null},"InitializeSensors":{"count":1,"self":0.0009988,"total":0.0009988,"children":null},"AgentSendState":{"count":2769334,"self":1.5811435999999999,"total":2.1267736999999998,"children":{"CollectObservations":{"count":48116,"self":0.0790198,"total":0.0790198,"children":null},"WriteActionMask":{"count":48116,"self":0.032842699999999996,"total":0.032842699999999996,"children":null},"RequestDecision":{"count":48116,"self":0.1225903,"total":0.4337676,"children":{"AgentInfo.ToProto":{"count":48116,"self":0.1180006,"total":0.3111773,"children":{"GenerateSensorData":{"count":48116,"self":0.19317669999999998,"total":0.19317669999999998,"children":null}}}}}}},"DecideAction":{"count":2769334,"self":493.78693119999997,"total":493.7869131,"children":null},"AgentAct":{"count":2769334,"self":10.7637232,"total":10.7637232,"children":null},"AgentInfo.ToProto":{"count":48115,"self":0.2342703,"total":0.661787,"children":{"GenerateSensorData":{"count":48115,"self":0.42751669999999997,"total":0.42751669999999997,"children":null}}}},"gauges":{"Tank.CumulativeReward":{"count":48115,"max":1.08415318,"min":-1,"runningAverage":0.5260223,"value":0.04613991,"weightedAverage":0.473159462}},"metadata":{"timer_format_version":"0.1.0","start_time_seconds":"1703678743","unity_version":"2022.3.10f1","command_line_arguments":"E:\\unity editor\\2022.3.10f1\\Editor\\Unity.exe -projectpath C:\\Users\\lefte\\Desktop\\facultate\\rl\\Tocket-Panks\\Project -useHub -hubIPC -cloudEnvironment production -licensingIpc LicenseClient-lefte -hubSessionId cf9d6365-53b9-4d4a-95e4-f23fc8d08ec4 -accessToken x-sx8aAspa0D1pkEFXyOFCi3Euz1qVDhfwi23Q6Ofls007f","communication_protocol_version":"1.5.0","com.unity.ml-agents_version":"2.0.1","scene_name":"Play 1","end_time_seconds":"1703679765"}}