{"count":1,"self":3791.2006656,"total":7963.611652,"children":{"InitializeActuators":{"count":10,"self":0.0010088999999999999,"total":0.0010088999999999999,"children":null},"InitializeSensors":{"count":10,"self":0.0015148,"total":0.0015148,"children":null},"AgentSendState":{"count":4015484,"self":38.167580799999996,"total":77.0139432,"children":{"CollectObservations":{"count":661678,"self":4.4564867999999995,"total":4.4564869,"children":null},"WriteActionMask":{"count":661678,"self":2.5195282,"total":2.5195282,"children":null},"RequestDecision":{"count":661678,"self":10.7466736,"total":31.870348,"children":{"AgentInfo.ToProto":{"count":661678,"self":8.3314272,"total":21.1236741,"children":{"GenerateSensorData":{"count":661678,"self":12.7922464,"total":12.7922467,"children":null}}}}}}},"DecideAction":{"count":4015484,"self":3932.9153023999997,"total":3932.9152133,"children":null},"AgentAct":{"count":4015484,"self":162.2337152,"total":162.23371509999998,"children":null},"AgentInfo.ToProto":{"count":6612,"self":0.1210613,"total":0.2439858,"children":{"GenerateSensorData":{"count":6612,"self":0.12292449999999999,"total":0.12292449999999999,"children":null}}}},"gauges":{"Tank.CumulativeReward":{"count":6612,"max":78.60221,"min":-95.10174,"runningAverage":23.49743,"value":71.09007,"weightedAverage":71.184494}},"metadata":{"timer_format_version":"0.1.0","start_time_seconds":"1703280449","unity_version":"2022.3.10f1","command_line_arguments":"D:\\Programs\\Unity Hub\\UnityEditor\\2022.3.10f1\\Editor\\Unity.exe -projectpath D:\\Data\\Repos\\Unity\\Tocket Panks\\Project -useHub -hubIPC -cloudEnvironment production -licensingIpc LicenseClient-tavaa -hubSessionId 784471e1-471f-4581-ab67-586f58759698 -accessToken 2ki-HilgVXvt35nrZUzLIwTshY0SiwbIMo4otk5lRtA007f","communication_protocol_version":"1.5.0","com.unity.ml-agents_version":"2.0.1","scene_name":"SampleScene","end_time_seconds":"1703288413"}}