{"count":1,"self":14805.721088,"total":29293.971874799998,"children":{"InitializeActuators":{"count":6,"self":0.0025248,"total":0.0025248,"children":null},"InitializeSensors":{"count":6,"self":0,"total":0,"children":null},"AgentSendState":{"count":81513923,"self":332.47616,"total":419.0962002,"children":{"CollectObservations":{"count":1382054,"self":15.439460799999999,"total":15.439460799999999,"children":null},"WriteActionMask":{"count":1382054,"self":5.7722564,"total":5.7722563,"children":null},"RequestDecision":{"count":1382054,"self":23.054295999999997,"total":65.4083321,"children":{"AgentInfo.ToProto":{"count":1382054,"self":17.0927664,"total":42.3540359,"children":{"GenerateSensorData":{"count":1382054,"self":25.261270399999997,"total":25.261270099999997,"children":null}}}}}}},"DecideAction":{"count":81513923,"self":13560.910643199999,"total":13560.910285599999,"children":null},"AgentAct":{"count":81513923,"self":470.52574719999996,"total":470.525738,"children":null},"AgentInfo.ToProto":{"count":1382053,"self":17.7529312,"total":37.7148508,"children":{"GenerateSensorData":{"count":1382053,"self":19.9619184,"total":19.9619188,"children":null}}}},"gauges":{"Tank.CumulativeReward":{"count":1382053,"max":1,"min":-1,"runningAverage":0.259583026,"value":0,"weightedAverage":3.36869277E-07}},"metadata":{"timer_format_version":"0.1.0","start_time_seconds":"1705188256","unity_version":"2022.3.10f1","command_line_arguments":"D:\\Programs\\Unity Hub\\UnityEditor\\2022.3.10f1\\Editor\\Unity.exe -projectpath D:\\Data\\Repos\\Unity\\Tocket Panks\\Project -useHub -hubIPC -cloudEnvironment production -licensingIpc LicenseClient-tavaa -hubSessionId b64e524c-a93a-4f21-80bb-73d1949aa8c0 -accessToken omo809EzbGOR2oJpALBffkn5Jxy999JQji2JllW9EtA007f","communication_protocol_version":"1.5.0","com.unity.ml-agents_version":"2.0.1","scene_name":"Train","end_time_seconds":"1705217550"}}